epoch,time,train/box_loss,train/cls_loss,train/dfl_loss,metrics/precision(B),metrics/recall(B),metrics/mAP50(B),metrics/mAP50-95(B),val/box_loss,val/cls_loss,val/dfl_loss,lr/pg0,lr/pg1,lr/pg2
1,166.453,0.71122,3.91174,1.17287,0.01008,0.22266,0.0251,0.02246,0.69617,4.10594,1.28881,0.0672773,0.000330532,0.000330532
2,342.336,0.68443,3.22534,1.1297,0.43873,0.04036,0.0362,0.03234,0.59014,3.38361,1.13595,0.0342554,0.000641958,0.000641958
3,520.241,0.70037,2.94445,1.12367,0.50229,0.02344,0.04584,0.03845,0.54423,3.63991,1.03641,0.0012115,0.000931384,0.000931384
4,742.061,0.64893,2.67368,1.09057,0.52653,0.04167,0.04487,0.04115,0.53712,2.67825,1.04222,0.000901,0.000901,0.000901
5,966.672,0.64325,2.50075,1.07145,0.14549,0.06042,0.04715,0.0434,0.48537,2.52371,1.021,0.000868,0.000868,0.000868
6,1190.8,0.60875,2.40845,1.05135,0.42537,0.0487,0.0638,0.06261,0.39138,2.48203,0.9262,0.000835,0.000835,0.000835
7,1410.98,0.58047,2.22609,1.05033,0.37729,0.05506,0.06873,0.06811,0.42513,2.14868,0.94288,0.000802,0.000802,0.000802
8,1635.52,0.57432,2.12795,1.03408,0.60172,0.04272,0.06074,0.05985,0.36588,2.23326,0.93465,0.000769,0.000769,0.000769
